<?xml version="1.0" encoding="UTF-8"?>
<project-private xmlns="http://www.netbeans.org/ns/project-private/1">
    <editor-bookmarks xmlns="http://www.netbeans.org/ns/editor-bookmarks/2" lastBookmarkId="0"/>
    <open-files xmlns="http://www.netbeans.org/ns/projectui-open-files/2">
        <group>
            <file>file:/C:/Users/dlcaj/OneDrive/Escritorio/completado1-main/completado1-main/interfaz/src/interfaz1/main.java</file>
            <file>file:/C:/Users/dlcaj/OneDrive/Escritorio/completado1-main/completado1-main/interfaz/src/interfaz1/interfaz2.java</file>
            <file>file:/C:/Users/dlcaj/OneDrive/Escritorio/completado1-main/completado1-main/interfaz/src/interfaz1/InterfazCOD.java</file>
        </group>
    </open-files>
</project-private>
